,Recall@20,MRR@20
TOP1-max 100,0.5714538187827788,0.2522270873888309
BPR-max 100,0.5909237929813319,0.2538157204614385
CrossEntropy 100,0.5704447068747365,0.22873499594198304
