,Recall@20,MRR@20
BPR-max 1000,0.5654280847906372,0.23478976473479612
CrossEntropy 1000,0.556422437789962,0.2201284839942555
