,Recall@20,MRR@20
TOP1-max 1000,0.5955628256800283,0.27615005644533513
