,Recall@20,MRR@20
original_rnn_BPR-max_1000_0.01_0_50,0.5546418732782369,0.2543777903854929
original_rnn_BPR-max_1000_0.01_0.1_50,0.5639118457300276,0.25755363812069754
original_rnn_BPR-max_1000_0.05_0_50,0.5079063360881543,0.20821224095571797
original_rnn_BPR-max_1000_0.05_0.1_50,0.5281129476584021,0.2193778739118379
