,Recall@20,MRR@20
improved_rnn_TOP1-max_1000_0.02_0_20,0.5917148362235067,0.2649100654815679
improved_rnn_TOP1-max_1000_0.02_0_50,0.5932506887052342,0.2710745463624966
improved_rnn_TOP1-max_1000_0.02_0_100,0.5906491712707183,0.2698735120752569
improved_rnn_TOP1-max_1000_0.02_0_500,0.5911830985915492,0.26739539069608903
improved_rnn_TOP1-max_1000_0.05_0_20,0.45077071290944126,0.1776688365259831
improved_rnn_TOP1-max_1000_0.05_0_50,0.5188980716253444,0.2139374292596723
