Model,Recall@20,MRR@20,epochs trained
TOP1-max 100,0.571454,0.25223,4
BPR-max 100,0.590924,0.25382,4
CrossEntropy 100,0.570445,0.22873,4
TOP1-max 1000,0.595563,0.27615,1
BPR-max 1000,0.565428,0.23479,1
CrossEntropy 1000,0.556422,0.22013,1
KNN,0.506566,0.20477,NA
